{
    "baseList": [
        0.02268241349516876,
        0.02268241349516876,
        179.98614035352787
    ],
    "sholderList": [
        137.38515561930876,
        137.38515561930876,
        129.06416539091109
    ],
    "elbowList": [
        118.54474152684992,
        118.54474152684992,
        116.14599111456118
    ],
    "wristRList": [
        0,
        0,
        0
    ],
    "wristUList": [
        129.617,
        129.617,
        77.082
    ],
    "gripperList": [
        150,
        124,
        150
    ]
}